"","X","id_estudante","genero","idade","zona","escola","monitor","grupo","dfs1","dfs2","dfs3","dfs4","dfs5","dfs6","dfs7","dfs8","dfs9","media_dfs","fss1","fss2","fss3","fss4","fss5","fss6","fss7","fss8","fss9","media_fss"
"E01",1,"E01","M",11,"Urbana",1,"PR","Experimental",NA,3,3,3,2,3,2,2,1,2.375,5,4,NA,4,4,"4",4,4,4,4.125
"E02",2,"E02","F",11,"Rural",1,"PR","Experimental",3,2,5,3,5,3,5,3,2,3.444444444,5,2,4,3,5,"3",5,3,3,3.666666667
"E03",3,"E03","M",11,"Urbana",1,"PR","Experimental",2,4,5,3,1,4,1,2,4,2.888888889,5,3,2,5,4,"5",4,3,1,3.555555556
"E04",4,"E04","M",14,"Urbana",1,"PR","Experimental",3,3,2,3,3,NA,2,2,4,2.75,5,5,4,5,4,"5",5,4,5,4.666666667
"E05",5,"E05","M",11,"Rural",1,"PR","Experimental",5,5,5,3,1,5,1,3,1,3.222222222,3,2,NA,5,4,"4",1,5,4,3.5
"E07",7,"E07","F",11,"Rural",1,"PR","Experimental",4,3,3,4,3,3,3,3,5,3.444444444,4,3,3,3,4,"3",4,4,4,3.555555556
"E08",8,"E08","F",12,"Urbana",1,"PR","Experimental",3,4,3,3,4,3,3,2,4,3.222222222,3,1,3,3,5,"4",5,3,4,3.444444444
"E10",10,"E10","M",11,"Rural",1,"PR","Experimental",2,3,2,4,3,5,4,3,2,3.111111111,4,NA,4,3,3,"2",2,1,1,2.5
"E11",11,"E11","M",11,"Rural",1,"PR","Experimental",5,5,5,5,5,3,1,1,2,3.555555556,5,3,4,3,5,"5",2,5,5,4.111111111
"E12",12,"E12","F",11,"Urbana",1,"PR","Experimental",4,2,5,4,5,5,2,2,5,3.777777778,4,4,5,5,5,"5",4,5,5,4.666666667
"E14",14,"E14","F",13,"Urbana",2,"MM","Experimental",4,3,3,5,4,3,5,3,4,3.777777778,2,2,2,3,4,"3",5,5,3,3.222222222
"E15",15,"E15","M",12,"Urbana",2,"MM","Experimental",3,3,2,3,2,2,5,3,3,2.888888889,2,3,5,3,4,"3",4,5,4,3.666666667
"E16",16,"E16","F",10,"Urbana",2,"MM","Experimental",5,4,4,5,2,2,3,2,1,3.111111111,2,3,3,5,2,"3",3,5,3,3.222222222
"E17",17,"E17","M",11,"Urbana",2,"MM","Experimental",4,4,5,4,5,5,1,5,4,4.111111111,4,2,4,5,4,"4",5,4,3,3.888888889
"E18",18,"E18","F",10,"Rural",2,"MM","Experimental",4,3,4,3,3,3,2,5,4,3.444444444,4,5,4,4,4,"4",4,4,4,4.111111111
"E19",19,"E19","M",10,"Rural",2,"MM","Experimental",1,1,3,4,4,4,4,3,3,3,4,4,3,3,4,"3",4,4,2,3.444444444
"E20",20,"E20","F",11,"Urbana",2,"MM","Experimental",3,3,5,2,5,4,1,2,2,3,4,5,3,4,5,"5",4,3,4,4.111111111
"E21",21,"E21","M",10,"Urbana",2,"MM","Experimental",3,2,3,5,2,3,1,4,2,2.777777778,3,2,3,4,3,"4",5,4,3,3.444444444
"E23",23,"E23","F",11,"Urbana",2,"MM","Experimental",3,1,5,5,5,5,5,3,5,4.111111111,3,4,3,4,3,"5",1,4,5,3.555555556
"E24",24,"E24","M",11,"Rural",2,"MM","Experimental",3,3,2,NA,5,5,1,3,NA,3.142857143,2,3,4,3,4,"2",3,4,5,3.333333333
"E25",25,"E25","M",13,"Urbana",2,"MM","Experimental",2,4,3,2,3,5,3,2,1,2.777777778,5,5,3,1,1,"",2,3,1,2.625
"E27",27,"E27","M",13,"",2,"MM","Experimental",3,2,4,5,5,4,1,3,5,3.555555556,2,1,2,4,3,"4",3,5,2,2.888888889
"E28",28,"E28","M",13,"",2,"MM","Experimental",3,4,2,NA,2,NA,2,NA,2,2.5,4,5,3,3,5,"4",2,3,5,3.777777778
"E29",29,"E29","M",13,"",2,"MM","Experimental",2,3,2,4,1,5,2,5,2,2.888888889,1,2,3,4,5,"D",2,3,4,3
"E30",30,"E30","F",10,"Urbana",2,"AC","Experimental",5,4,5,4,3,4,1,3,5,3.777777778,3,5,3,2,3,"3",2,3,3,3
"E31",31,"E31","F",11,"Urbana",2,"AC","Experimental",3,1,3,3,5,5,3,3,5,3.444444444,3,4,4,3,4,"4",4,3,3,3.555555556
"E32",32,"E32","M",11,"Urbana",2,"AC","Experimental",4,4,5,5,5,2,3,4,3,3.888888889,5,4,3,4,2,"3",1,4,3,3.222222222
"E33",33,"E33","M",10,"Urbana",2,"AC","Experimental",3,4,5,5,4,2,3,5,1,3.555555556,4,3,3,4,4,"4",3,3,3,3.444444444
"E34",34,"E34","F",11,"Urbana",2,"AC","Experimental",4,4,5,5,4,5,5,5,5,4.666666667,4,4,5,4,4,"3",5,5,4,4.222222222
"E35",35,"E35","F",11,"Rural",2,"AC","Experimental",3,3,4,4,4,3,4,3,3,3.444444444,3,3,3,2,5,"4",4,3,3,3.333333333
"E36",36,"E36","F",10,"Rural",2,"AC","Experimental",4,3,4,5,4,3,3,3,5,3.777777778,3,4,4,4,3,"4",4,4,5,3.888888889
"E37",37,"E37","F",11,"Rural",2,"AC","Experimental",3,4,5,4,3,2,3,5,4,3.666666667,5,3,3,4,3,"4",4,5,3,3.777777778
"E38",38,"E38","M",13,"Rural",2,"AC","Experimental",5,3,5,2,1,5,3,2,3,3.222222222,5,2,1,5,3,"4",2,5,1,3.111111111
"E39",39,"E39","M",11,"Rural",2,"AC","Experimental",5,5,5,5,5,5,1,5,5,4.555555556,2,3,NA,3,4,"4",2,3,5,3.25
"E40",40,"E40","M",11,"Rural",2,"AC","Experimental",3,4,4,3,3,5,2,3,5,3.555555556,4,2,4,2,4,"4",4,4,2,3.333333333
"E41",41,"E41","M",12,"",2,"AC","Experimental",4,3,3,5,5,4,1,2,3,3.333333333,2,5,2,3,2,"3",2,3,2,2.666666667
"E45",45,"E45","F",10,"Rural",3,"ML","Experimental",5,4,5,4,5,5,2,5,5,4.444444444,5,3,5,3,5,"5",3,5,4,4.222222222
"E46",46,"E46","M",11,"Rural",3,"ML","Experimental",3,3,3,5,5,3,3,5,5,3.888888889,3,2,2,2,2,"3",2,2,4,2.444444444
"E47",47,"E47","F",10,"Rural",3,"ML","Experimental",3,2,4,4,4,5,3,4,5,3.777777778,4,4,3,3,4,"4",3,3,4,3.555555556
"E48",48,"E48","M",11,"Rural",3,"ML","Experimental",3,2,3,2,5,1,1,1,5,2.555555556,1,1,4,4,1,"4",1,2,1,2.111111111
"E49",49,"E49","M",11,"Rural",3,"ML","Experimental",5,5,5,5,5,5,3,3,5,4.555555556,5,3,4,4,2,"4",4,3,2,3.444444444
"E50",50,"E50","F",12,"Rural",3,"ML","Experimental",2,3,2,3,2,4,2,4,5,3,4,3,5,4,4,"3",4,5,3,3.888888889
"E51",51,"E51","M",11,"Rural",3,"ML","Experimental",4,3,5,4,5,5,3,1,5,3.888888889,3,3,3,2,4,"4",4,2,2,3
"E53",53,"E53","M",10,"Rural",3,"ML","Experimental",3,3,2,3,3,3,1,3,3,2.666666667,1,2,4,1,4,"4",2,1,4,2.555555556
"E54",54,"E54","M",12,"Rural",3,"ML","Experimental",3,4,3,4,1,3,1,2,4,2.777777778,3,5,3,5,3,"5",3,3,5,3.888888889
"E55",55,"E55","M",NA,"",3,"ML","Experimental",3,1,5,5,2,4,5,3,1,3.222222222,2,4,3,2,4,"3",5,1,4,3.111111111
"E56",56,"E56","M",NA,"",3,"ML","Experimental",3,2,4,5,1,3,4,2,4,3.111111111,2,5,2,4,2,"3",NA,2,5,3.125
"E57",57,"E57","M",NA,"",3,"ML","Experimental",4,2,3,3,2,2,3,1,3,2.555555556,2,3,3,4,2,"2",3,5,2,2.888888889
"E58",58,"E58","F",NA,"",3,"ML","Experimental",3,5,5,4,4,4,3,2,4,3.777777778,3,4,3,3,4,"4",3,4,4,3.555555556
"E59",59,"E59","M",NA,"",3,"ML","Experimental",4,5,5,5,4,5,1,5,5,4.333333333,3,1,4,4,4,"3",4,3,4,3.333333333
"E60",60,"E60","M",NA,"",3,"ML","Experimental",5,3,5,3,4,5,1,4,5,3.888888889,4,2,3,3,4,"4",4,3,3,3.333333333
"E61",61,"E61","F",12,"Rural",4,"CE","Experimental",5,3,5,3,5,2,1,5,5,3.777777778,3,3,4,3,3,"3",5,3,5,3.555555556
"E62",62,"E62","F",11,"Rural",4,"CE","Experimental",3,4,4,4,4,3,4,4,3,3.666666667,4,5,NA,NA,5,"",NA,NA,5,4.75
"E63",63,"E63","M",11,"Urbana",4,"CE","Experimental",5,3,5,3,4,4,2,5,3,3.777777778,4,5,4,3,NA,"4",3,4,3,3.75
"E64",64,"E64","M",13,"Urbana",4,"CE","Experimental",3,5,5,3,5,NA,3,3,5,4,5,2,NA,5,3,"1",4,3,5,3.5
"E66",66,"E66","M",11,"Urbana",4,"CE","Experimental",5,3,4,3,5,3,1,5,4,3.666666667,4,5,4,3,4,"3",5,4,5,4.111111111
"E67",67,"E67","M",11,"Rural",4,"CE","Experimental",3,3,5,1,4,3,1,5,2,3,2,4,3,2,4,"2",4,3,1,2.777777778
"E68",68,"E68","M",12,"Rural",4,"CE","Experimental",3,3,2,3,3,3,2,5,3,3,4,4,4,4,3,"3",4,4,4,3.777777778
"E69",69,"E69","M",11,"Rural",4,"CE","Experimental",3,4,3,4,3,3,3,3,4,3.333333333,4,4,3,3,4,"2",2,4,4,3.333333333
"E70",70,"E70","M",11,"Rural",4,"CE","Experimental",3,5,4,2,2,4,3,3,3,3.222222222,4,2,4,2,4,"2",4,2,4,3.111111111
"E71",71,"E71","F",11,"Rural",4,"CE","Experimental",3,3,4,4,4,3,1,2,5,3.222222222,4,4,3,3,4,"3",4,4,3,3.555555556
"E72",72,"E72","M",10,"Rural",4,"CE","Experimental",3,2,5,1,2,3,3,2,5,2.888888889,5,4,3,5,5,"4",3,5,4,4.222222222
"E74",74,"E74","F",11,"Rural",4,"CE","Experimental",4,5,4,4,5,5,4,5,NA,4.5,5,4,5,5,4,"5",5,4,5,4.666666667
"E75",75,"E75","M",11,"Urbana",4,"CE","Experimental",5,3,4,5,3,3,1,3,4,3.444444444,4,5,4,3,2,"1",2,3,4,3.111111111
"E76",76,"E76","M",11,"Urbana",4,"CE","Experimental",3,3,3,3,3,3,3,3,3,3,3,4,3,4,4,"4",4,4,4,3.777777778
"E77",77,"E77","F",11,"Urbana",5,"GR","Experimental",4,2,5,3,5,4,2,3,5,3.666666667,4,2,3,5,4,"5",2,5,4,3.777777778
"E78",78,"E78","F",11,"Urbana",5,"GR","Experimental",2,3,4,3,2,4,3,5,3,3.222222222,3,2,3,3,4,"2",3,4,3,3
"E79",79,"E79","F",11,"Urbana",5,"GR","Experimental",3,4,4,4,4,5,1,2,3,3.333333333,4,3,4,3,4,"4",3,5,4,3.777777778
"E80",80,"E80","F",11,"Urbana",5,"GR","Experimental",2,2,3,2,4,2,1,1,3,2.222222222,2,5,3,4,3,"2",3,2,3,3
"E81",81,"E81","M",11,"Urbana",5,"GR","Experimental",NA,5,3,5,3,3,5,4,4,4,5,1,4,4,5,"5",2,5,5,4
"E82",82,"E82","M",11,"Urbana",5,"GR","Experimental",4,2,3,3,2,3,5,3,2,3,3,5,3,2,5,"5",4,5,1,3.666666667
"E83",83,"E83","M",12,"Urbana",5,"GR","Experimental",2,5,3,4,3,3,2,3,4,3.222222222,5,3,4,3,4,"2",4,3,5,3.666666667
"E84",84,"E84","M",12,"Urbana",5,"GR","Experimental",2,3,4,3,3,2,5,2,2,2.888888889,5,3,2,3,1,"3",3,2,5,3
"E85",85,"E85","M",11,"Urbana",5,"GR","Experimental",3,3,3,5,4,5,3,5,3,3.777777778,4,5,2,4,5,"3",4,5,5,4.111111111
"E87",87,"E87","M",11,"Urbana",5,"GR","Experimental",2,1,4,1,3,3,2,3,4,2.555555556,2,3,3,2,4,"4",2,5,3,3.111111111
"E88",88,"E88","F",11,"Urbana",5,"GR","Experimental",3,5,3,5,3,1,2,4,5,3.444444444,4,3,4,2,4,"4",3,4,4,3.555555556
"E89",89,"E89","F",12,"Urbana",5,"GR","Experimental",4,4,5,4,2,4,5,4,5,4.111111111,4,4,2,1,4,"2",4,3,3,3
"E90",90,"E90","F",12,"Urbana",5,"GR","Experimental",4,3,3,1,5,2,1,2,5,2.888888889,2,4,2,4,4,"2",4,4,4,3.333333333
"E91",91,"E91","M",11,"Urbana",5,"GR","Experimental",4,4,5,5,5,3,3,4,5,4.222222222,4,2,4,4,5,"4",3,4,4,3.777777778
"E92",92,"E92","F",NA,"",5,"GR","Experimental",3,3,5,5,5,3,4,3,5,4,1,4,4,4,3,"4",4,5,4,3.666666667
"E93",93,"E93","F",11,"Urbana",5,"JC","Experimental",1,1,3,1,3,4,4,4,1,2.444444444,3,3,2,4,3,"2",4,3,3,3
"E94",94,"E94","F",10,"Urbana",5,"JC","Experimental",3,3,5,5,5,3,1,3,5,3.666666667,5,4,4,4,5,"4",2,1,3,3.555555556
"E98",98,"E98","F",10,"Urbana",5,"JC","Experimental",5,1,3,3,3,3,1,1,1,2.333333333,3,3,4,3,3,"3",4,2,2,3
"E99",99,"E99","F",11,"Urbana",5,"JC","Experimental",5,5,4,5,5,5,1,3,5,4.222222222,4,3,4,4,5,"3",2,4,4,3.666666667
"E101",101,"E101","M",11,"Urbana",5,"JC","Experimental",2,3,4,3,2,3,3,4,3,3,3,3,2,3,4,"3",3,5,3,3.222222222
"E102",102,"E102","F",11,"Urbana",5,"JC","Experimental",3,3,5,5,5,5,2,5,5,4.222222222,4,4,3,4,4,"3",3,4,5,3.777777778
"E103",103,"E103","F",11,"Urbana",5,"JC","Experimental",2,3,3,4,5,3,1,3,3,3,2,4,2,4,2,"4",2,NA,2,2.75
"E104",104,"E104","M",11,"Urbana",5,"JC","Experimental",3,3,5,3,3,5,3,3,4,3.555555556,4,4,5,4,4,"",4,4,2,3.875
"E106",106,"E106","M",NA,"",5,"JC","Experimental",2,1,5,4,3,3,2,4,1,2.777777778,5,2,4,2,2,"4",2,2,3,2.888888889
"E107",107,"E107","M",11,"Urbana",5,"JC","Experimental",3,4,5,3,3,3,3,5,4,3.666666667,NA,4,2,3,3,"5",4,5,4,3.75
"E108",108,"E108","M",11,"Urbana",5,"JC","Experimental",5,3,3,3,3,5,4,4,5,3.888888889,1,4,1,2,4,"4",2,1,5,2.666666667
"E110",110,"E110","M",11,"",5,"MF","Experimental",5,3,3,4,5,5,1,2,2,3.333333333,4,4,1,5,1,"5",5,4,3,3.555555556
"E111",111,"E111","M",10,"",5,"MF","Experimental",1,3,2,3,5,3,2,4,5,3.111111111,3,4,3,4,3,"4",3,4,3,3.444444444
"E112",112,"E112","F",10,"",5,"MF","Experimental",5,3,3,5,5,5,3,5,1,3.888888889,4,3,3,4,4,"4",4,4,3,3.666666667
"E114",114,"E114","M",10,"",5,"MF","Experimental",2,4,5,5,4,4,3,4,3,3.777777778,4,5,4,4,4,"5",5,4,4,4.333333333
"E115",115,"E115","M",11,"",5,"MF","Experimental",2,4,3,3,5,5,3,3,5,3.666666667,3,4,5,3,4,"4",5,4,5,4.111111111
"E118",118,"E118","F",11,"",5,"MF","Experimental",3,1,2,1,3,2,1,3,1,1.888888889,4,1,2,3,5,"1",3,5,1,2.777777778
"E119",119,"E119","M",11,"",5,"MF","Experimental",5,5,5,5,5,5,1,2,5,4.222222222,5,5,5,5,5,"5",5,5,5,5
"E120",120,"E120","F",NA,"",5,"MF","Experimental",4,3,5,5,5,1,1,5,3,3.555555556,3,4,2,5,4,"3",3,4,5,3.666666667
"E121",121,"E121","M",NA,"",5,"MF","Experimental",3,2,2,NA,5,5,1,3,1,2.75,3,3,4,3,4,"3",2,4,3,3.222222222
"E122",122,"E122","F",NA,"",5,"MF","Experimental",3,5,3,3,3,5,3,3,5,3.666666667,4,3,4,5,1,"3",4,2,3,3.222222222
"E123",123,"E123","M",NA,"",5,"MF","Experimental",3,3,5,4,5,4,2,5,5,4,4,2,4,4,4,"4",2,4,3,3.444444444
"E124",124,"E124","F",NA,"",5,"MF","Experimental",2,3,2,3,2,3,2,3,3,2.555555556,1,1,3,2,2,"3",2,2,3,2.111111111
"E125",125,"E125","F",11,"",5,"EA","Experimental",3,2,5,3,2,3,3,2,3,2.888888889,4,4,4,4,4,"2",2,2,3,3.222222222
"E126",126,"E126","M",11,"",5,"EA","Experimental",3,2,1,3,5,3,3,2,3,2.777777778,1,3,2,4,3,"1",4,2,3,2.555555556
"E128",128,"E128","F",11,"",5,"EA","Experimental",2,3,5,NA,5,4,1,2,4,3.25,4,4,3,2,3,"3",5,5,4,3.666666667
"E129",129,"E129","F",NA,"",5,"EA","Experimental",4,2,4,4,2,3,1,2,3,2.777777778,5,4,5,4,5,"4",5,5,5,4.666666667
"E130",130,"E130","M",11,"",5,"EA","Experimental",5,4,5,5,4,4,1,2,4,3.777777778,5,5,5,5,5,"5",3,5,5,4.777777778
"E131",131,"E131","M",11,"",5,"EA","Experimental",3,2,1,4,3,2,2,4,4,2.777777778,3,2,4,2,4,"3",4,1,3,2.888888889
"E132",132,"E132","F",12,"",5,"EA","Experimental",4,3,5,5,5,2,1,3,5,3.666666667,4,4,4,4,4,"4",4,4,4,4
"E133",133,"E133","M",10,"",5,"EA","Experimental",1,1,5,5,3,4,5,3,5,3.555555556,4,1,2,NA,2,"4",3,5,3,3
"E135",135,"E135","F",11,"",5,"EA","Experimental",3,2,5,2,5,4,5,4,3,3.666666667,5,4,5,4,3,"1",4,3,5,3.777777778
"E136",136,"E136","F",10,"",5,"EA","Experimental",3,3,3,3,4,3,3,3,3,3.111111111,4,2,4,2,4,"4",3,4,3,3.333333333
"E137",137,"E137","M",11,"",5,"EA","Experimental",5,1,NA,3,4,3,1,5,4,3.25,4,3,4,5,4,"5",4,4,2,3.888888889
"E138",138,"E138","F",13,"",5,"EA","Experimental",1,2,4,2,3,2,3,4,2,2.555555556,2,1,3,4,2,"5",3,2,4,2.888888889
"E139",139,"E139","M",NA,"",5,"EA","Experimental",3,2,5,4,3,2,1,3,2,2.777777778,3,2,5,4,3,"2",4,3,4,3.333333333
"E140",140,"E140","F",NA,"",5,"EA","Experimental",5,2,3,5,5,5,3,2,4,3.777777778,5,4,5,4,5,"4",5,4,5,4.555555556
"E141",141,"E141","M",13,"",6,"VL","Experimental",2,4,5,3,3,4,1,4,2,3.111111111,1,3,2,5,3,"2",3,4,5,3.111111111
"E142",142,"E142","F",10,"",6,"VL","Experimental",3,3,5,3,5,3,3,3,5,3.666666667,5,4,4,4,4,"4",5,5,5,4.444444444
"E143",143,"E143","F",12,"",6,"VL","Experimental",3,3,5,5,5,3,3,3,3,3.666666667,4,4,4,4,5,"5",5,4,5,4.444444444
"E144",144,"E144","M",11,"",6,"VL","Experimental",3,4,4,2,4,1,5,3,4,3.333333333,4,2,4,4,3,"3",2,5,4,3.444444444
"E145",145,"E145","F",11,"",6,"VL","Experimental",4,4,5,3,5,3,3,5,5,4.111111111,4,5,3,4,5,"5",4,4,5,4.333333333
"E146",146,"E146","F",11,"",6,"VL","Experimental",5,3,5,NA,5,NA,3,NA,2,3.833333333,5,4,3,3,5,"4",3,5,3,3.888888889
"E147",147,"E147","F",11,"",6,"VL","Experimental",4,3,4,3,2,5,2,5,5,3.666666667,5,2,4,5,4,"5",4,5,4,4.222222222
"E148",148,"E148","F",11,"",6,"VL","Experimental",3,3,5,3,5,3,3,5,4,3.777777778,3,4,2,3,4,"4",2,3,3,3.111111111
"E149",149,"E149","M",12,"",6,"VL","Experimental",3,3,5,3,3,3,2,3,4,3.222222222,4,3,5,3,4,"1",4,3,4,3.444444444
"E151",151,"E151","M",11,"",6,"VL","Experimental",3,4,5,3,3,3,1,3,1,2.888888889,4,2,5,4,2,"4",2,4,4,3.444444444
"E154",154,"E154","F",10,"",6,"VL","Experimental",3,3,5,3,5,3,3,3,4,3.555555556,4,2,4,3,4,"2",4,3,4,3.333333333
"E155",155,"E155","M",10,"",6,"VL","Experimental",2,1,5,3,5,3,1,3,1,2.666666667,4,3,4,3,4,"4",4,4,5,3.888888889
"E156",156,"E156","F",12,"",6,"VL","Experimental",5,3,5,4,5,3,2,3,5,3.888888889,4,2,5,4,4,"5",5,4,4,4.111111111
"E157",157,"E157","M",11,"Urbana",1,"PR","Controle",4,1,2,3,3,5,1,2,1,2.444444444,4,1,4,3,4,"2",4,1,3,2.888888889
"E158",158,"E158","F",10,"Urbana",1,"PR","Controle",2,5,3,2,3,5,3,1,3,3,4,4,2,3,3,"2",2,4,2,2.888888889
"E159",159,"E159","M",15,"Urbana",1,"PR","Controle",3,1,1,3,3,5,1,1,1,2.111111111,2,2,2,3,2,"3",1,2,3,2.222222222
"E160",160,"E160","M",11,"Urbana",1,"PR","Controle",5,1,5,5,5,5,5,1,5,4.111111111,5,2,5,5,4,"5",2,5,4,4.111111111
"E161",161,"E161","F",10,"Urbana",1,"PR","Controle",4,2,3,3,2,3,3,2,4,2.888888889,1,5,2,4,3,"3",4,2,5,3.222222222
"E162",162,"E162","F",11,"Urbana",1,"PR","Controle",4,3,4,3,3,3,4,1,5,3.333333333,3,3,4,3,4,"3",1,5,4,3.333333333
"E163",163,"E163","M",10,"Urbana",1,"PR","Controle",4,4,4,3,2,4,2,3,4,3.333333333,3,4,4,3,5,"5",4,5,3,4
"E164",164,"E164","M",12,"Urbana",1,"PR","Controle",1,2,1,1,2,1,2,1,1,1.333333333,1,5,1,2,4,"1",4,4,2,2.666666667
"E165",165,"E165","F",10,"Urbana",1,"PR","Controle",5,2,3,5,5,3,1,3,5,3.555555556,5,4,4,4,5,"4",5,4,4,4.333333333
"E166",166,"E166","M",12,"Urbana",1,"PR","Controle",3,1,2,3,2,5,1,3,5,2.777777778,3,4,3,1,3,"3",2,5,2,2.888888889
"E168",168,"E168","F",11,"Rural",1,"PR","Controle",2,1,5,2,NA,2,3,3,4,2.75,3,2,4,4,4,"4",4,4,4,3.666666667
"E169",169,"E169","F",11,"Urbana",1,"PR","Controle",3,2,5,4,5,3,1,4,3,3.333333333,2,2,4,3,4,"3",5,3,4,3.333333333
"E172",172,"E172","F",11,"Urbana",1,"PR","Controle",2,1,3,5,5,5,1,3,5,3.333333333,2,4,5,2,5,"5",4,5,5,4.111111111
"E173",173,"E173","M",11,"Urbana",1,"PR","Controle",4,3,4,4,3,4,2,3,4,3.444444444,3,3,2,3,4,"3",2,3,4,3
"E175",175,"E175","M",10,"Urbana",1,"PR","Controle",4,3,2,3,1,5,1,2,3,2.666666667,4,2,4,4,4,"4",2,4,2,3.333333333
"E176",176,"E176","M",11,"Urbana",1,"PR","Controle",2,3,1,3,2,2,3,2,3,2.333333333,4,3,2,4,3,"4",1,4,5,3.333333333
"E177",177,"E177","F",11,"Urbana",1,"PR","Controle",3,2,5,5,3,2,3,3,5,3.444444444,4,3,4,4,3,"4",4,4,3,3.666666667
"E178",178,"E178","M",11,"Urbana",2,"MM","Controle",5,5,4,3,3,3,3,4,5,3.888888889,4,2,4,4,5,"4",5,4,5,4.111111111
"E179",179,"E179","F",11,"Urbana",2,"MM","Controle",2,3,4,3,3,4,1,3,4,3,2,2,3,2,2,"3",2,3,3,2.444444444
"E180",180,"E180","M",11,"Urbana",2,"MM","Controle",1,NA,5,3,2,4,1,2,1,2.375,3,2,3,4,3,"3",2,3,4,3
"E181",181,"E181","M",11,"Urbana",2,"MM","Controle",5,3,5,3,5,3,1,1,3,3.222222222,4,3,4,5,4,"4",1,4,5,3.777777778
"E183",183,"E183","F",11,"Rural",2,"MM","Controle",4,3,2,4,2,3,4,2,5,3.222222222,5,3,4,5,2,"3",NA,5,3,3.75
"E184",184,"E184","F",10,"Urbana",2,"MM","Controle",2,2,5,3,5,4,5,3,4,3.666666667,4,5,4,4,5,"4",4,4,5,4.333333333
"E185",185,"E185","F",11,"Urbana",2,"MM","Controle",3,2,5,5,3,3,3,4,5,3.666666667,4,5,4,1,5,"5",4,5,2,3.888888889
"E186",186,"E186","M",11,"Urbana",2,"MM","Controle",3,4,5,5,4,5,3,3,5,4.111111111,4,4,3,4,4,"4",4,3,4,3.777777778
"E188",188,"E188","M",11,"Rural",2,"MM","Controle",2,4,3,1,5,NA,1,3,4,2.875,3,2,4,1,5,"3",2,4,3,3
"E189",189,"E189","M",11,"Urbana",2,"MM","Controle",4,3,4,3,5,5,5,3,4,4,3,5,3,4,5,"3",5,3,3,3.777777778
"E191",191,"E191","M",13,"",2,"MM","Controle",3,5,5,3,1,4,3,5,2,3.444444444,3,4,1,2,3,"4",5,1,5,3.111111111
"E195",195,"E195","M",16,"Urbana",2,"AC","Controle",5,1,3,3,5,5,4,4,2,3.555555556,3,1,5,4,2,"3",1,4,5,3.111111111
"E196",196,"E196","M",11,"Urbana",2,"AC","Controle",3,1,3,1,5,3,5,4,5,3.333333333,4,5,3,4,4,"5",4,3,4,4
"E197",197,"E197","F",11,"Urbana",2,"AC","Controle",5,3,5,4,5,3,5,3,3,4,3,3,3,3,4,"3",4,4,4,3.444444444
"E198",198,"E198","F",10,"Rural",2,"AC","Controle",3,4,3,4,5,3,3,4,3,3.555555556,3,2,1,2,4,"3",2,4,3,2.666666667
"E199",199,"E199","M",12,"Urbana",2,"AC","Controle",2,4,3,5,3,4,2,4,2,3.222222222,5,4,3,4,3,"5",3,2,4,3.666666667
"E200",200,"E200","F",11,"Urbana",2,"AC","Controle",3,5,2,2,3,NA,5,5,5,3.75,3,1,2,3,1,"3",4,2,5,2.666666667
"E201",201,"E201","M",10,"Rural",2,"AC","Controle",5,3,4,2,3,5,4,3,5,3.777777778,1,3,2,2,3,"2",3,1,2,2.111111111
"E205",205,"E205","M",NA,"",2,"AC","Controle",1,2,4,5,3,2,4,3,5,3.222222222,5,3,4,1,2,"3",4,5,1,3.111111111
"E206",206,"E206","M",12,"",2,"AC","Controle",2,5,4,2,5,1,4,2,1,2.888888889,5,2,1,3,5,"2",1,5,1,2.777777778
"E207",207,"E207","F",12,"",2,"AC","Controle",5,3,1,3,4,3,4,3,4,3.333333333,4,3,2,3,5,"5",NA,4,5,3.875
"E208",208,"E208","M",12,"",2,"AC","Controle",4,5,4,5,4,5,5,5,3,4.444444444,4,3,4,5,4,"5",4,4,4,4.111111111
"E209",209,"E209","F",13,"",2,"AC","Controle",3,3,5,5,5,4,3,3,3,3.777777778,3,2,3,4,2,"4",3,5,3,3.222222222
"E211",211,"E211","F",10,"Rural",3,"ML","Controle",5,5,5,5,5,5,1,5,5,4.555555556,4,3,4,4,4,"4",5,5,4,4.111111111
"E212",212,"E212","M",11,"Rural",3,"ML","Controle",5,5,5,4,5,3,1,3,5,4,5,3,3,2,2,"3",4,3,2,3
"E213",213,"E213","M",12,"Urbana",3,"ML","Controle",4,2,4,3,4,2,4,3,5,3.444444444,3,4,2,5,3,"2",3,5,NA,3.375
"E214",214,"E214","M",12,"Rural",3,"ML","Controle",3,2,3,5,3,3,2,3,4,3.111111111,5,3,4,4,NA,"4",3,2,3,3.5
"E215",215,"E215","F",11,"Rural",3,"ML","Controle",3,1,4,5,5,5,3,1,5,3.555555556,4,1,4,4,2,"4",3,3,3,3.111111111
"E216",216,"E216","M",10,"Rural",3,"ML","Controle",5,NA,5,3,3,3,1,5,5,3.75,2,4,2,2,3,"3",2,4,4,2.888888889
"E217",217,"E217","F",10,"Rural",3,"ML","Controle",5,4,5,4,5,5,2,5,5,4.444444444,4,5,5,4,5,"4",3,5,4,4.333333333
"E218",218,"E218","M",11,"Rural",3,"ML","Controle",3,4,5,3,5,5,2,3,5,3.888888889,5,3,3,1,2,"4",2,4,1,2.777777778
"E219",219,"E219","F",13,"Rural",3,"ML","Controle",4,3,4,3,4,3,1,3,5,3.333333333,4,2,3,4,4,"4",4,4,4,3.666666667
"E220",220,"E220","M",12,"Rural",3,"ML","Controle",3,4,3,4,1,3,1,2,4,2.777777778,3,4,2,3,2,"4",5,5,3,3.444444444
"E221",221,"E221","F",11,"Rural",3,"ML","Controle",4,5,5,3,4,2,1,3,4,3.444444444,2,4,2,3,4,"3",4,4,3,3.222222222
"E222",222,"E222","F",NA,"",3,"ML","Controle",3,3,5,3,1,1,3,3,5,3,4,4,4,2,4,"4",2,4,2,3.333333333
"E223",223,"E223","F",NA,"",3,"ML","Controle",3,3,1,3,5,3,1,3,5,3,4,3,4,3,4,"4",2,4,4,3.555555556
"E224",224,"E224","M",NA,"",3,"ML","Controle",5,5,5,5,3,5,1,5,5,4.333333333,4,3,5,1,5,"2",5,4,2,3.444444444
"E225",225,"E225","F",NA,"",3,"ML","Controle",5,5,5,5,2,5,1,3,5,4,4,4,4,2,4,"4",2,4,4,3.555555556
"E226",226,"E226","F",11,"Urbana",4,"CE","Controle",NA,3,2,4,1,NA,NA,3,1,2.333333333,5,5,4,2,5,"4",5,4,2,4
"E227",227,"E227","F",12,"Rural",4,"CE","Controle",4,3,5,5,4,3,4,5,3,4,4,3,2,4,3,"2",3,4,3,3.111111111
"E228",228,"E228","M",14,"Urbana",4,"CE","Controle",1,3,2,3,2,1,2,4,5,2.555555556,5,4,4,2,4,"4",2,4,4,3.666666667
"E230",230,"E230","F",11,"Rural",4,"CE","Controle",4,3,5,3,4,3,3,2,4,3.444444444,5,4,5,5,3,"3",5,4,5,4.333333333
"E231",231,"E231","M",13,"Urbana",4,"CE","Controle",3,5,5,3,1,5,3,3,5,3.666666667,4,3,2,1,2,"3",4,5,4,3.111111111
"E232",232,"E232","F",11,"Rural",4,"CE","Controle",3,3,3,1,3,2,3,5,5,3.111111111,3,4,4,4,2,"1",3,4,1,2.888888889
"E233",233,"E233","M",10,"Urbana",4,"CE","Controle",4,3,5,4,5,3,3,3,4,3.777777778,4,5,4,3,4,"3",4,4,3,3.777777778
"E235",235,"E235","M",10,"Rural",4,"CE","Controle",3,4,5,4,5,3,2,1,5,3.555555556,1,2,3,4,5,"1",3,2,4,2.777777778
"E237",237,"E237","F",12,"Rural",4,"CE","Controle",4,3,4,5,5,3,1,3,5,3.666666667,4,4,4,2,4,"4",4,5,3,3.777777778
"E238",238,"E238","M",11,"Urbana",4,"CE","Controle",3,1,3,3,1,1,3,3,1,2.111111111,3,3,3,2,2,"4",3,3,4,3
"E239",239,"E239","F",12,"Rural",4,"CE","Controle",3,5,4,5,2,5,1,3,1,3.222222222,4,1,5,2,4,"2",2,2,5,3
"E240",240,"E240","F",11,"Urbana",4,"CE","Controle",4,3,4,5,5,3,1,3,5,3.666666667,3,2,4,4,3,"5",1,4,3,3.222222222
"E241",241,"E241","M",10,"Rural",4,"CE","Controle",4,3,4,NA,5,NA,3,4,5,4,4,2,3,2,3,"4",3,4,1,2.888888889
"E242",242,"E242","F",11,"Rural",4,"CE","Controle",3,1,4,5,5,5,1,3,5,3.555555556,3,4,3,3,4,"4",4,3,3,3.444444444
"E243",243,"E243","F",13,"Rural",4,"CE","Controle",4,NA,5,5,4,4,5,4,4,4.375,5,4,3,4,3,"5",3,5,3,3.888888889
"E244",244,"E244","M",11,"Urbana",5,"GR","Controle",3,3,5,3,5,5,1,3,5,3.666666667,4,2,4,2,4,"4",3,3,4,3.333333333
"E245",245,"E245","M",11,"Urbana",5,"GR","Controle",3,5,4,5,5,3,5,4,3,4.111111111,4,2,4,2,3,"4",4,3,4,3.333333333
"E246",246,"E246","F",11,"Urbana",5,"GR","Controle",5,4,5,4,5,5,1,3,5,4.111111111,4,4,3,4,4,"4",3,3,4,3.666666667
"E247",247,"E247","F",10,"Urbana",5,"GR","Controle",4,1,5,2,4,5,5,3,5,3.777777778,4,1,4,2,2,"5",2,4,5,3.222222222
"E248",248,"E248","M",10,"Urbana",5,"GR","Controle",3,3,5,2,3,5,3,2,5,3.444444444,4,4,NA,5,2,"3",3,2,2,3.125
"E249",249,"E249","F",11,"Urbana",5,"GR","Controle",3,1,3,2,3,5,2,3,2,2.666666667,4,4,3,2,4,"2",4,4,4,3.444444444
"E250",250,"E250","M",11,"Urbana",5,"GR","Controle",1,3,5,3,1,3,4,1,5,2.888888889,4,4,3,2,4,"4",4,2,2,3.222222222
"E252",252,"E252","F",11,"Urbana",5,"GR","Controle",5,5,5,4,5,5,2,5,4,4.444444444,5,4,5,3,5,"4",4,5,4,4.333333333
"E253",253,"E253","M",NA,"",5,"GR","Controle",5,3,5,1,1,5,3,3,5,3.444444444,4,3,3,4,1,"5",3,3,3,3.222222222
"E254",254,"E254","M",11,"",5,"GR","Controle",3,4,4,4,4,5,4,5,4,4.111111111,5,4,3,4,4,"3",5,4,4,4
"E255",255,"E255","M",13,"Urbana",5,"GR","Controle",2,3,3,4,2,3,2,3,5,3,4,2,4,4,4,"4",2,4,4,3.555555556
"E256",256,"E256","F",13,"Urbana",5,"GR","Controle",4,3,1,5,2,3,1,3,1,2.555555556,5,4,3,2,1,"2",4,3,2,2.888888889
"E257",257,"E257","F",NA,"",5,"GR","Controle",1,5,2,4,5,1,3,1,4,2.888888889,2,4,1,5,2,"3",2,5,4,3.111111111
"E260",260,"E260","F",11,"Urbana",5,"JC","Controle",3,3,5,3,3,3,4,3,3,3.333333333,3,4,3,3,3,"3",3,4,3,3.222222222
"E261",261,"E261","F",11,"Urbana",5,"JC","Controle",4,3,5,4,4,5,3,3,3,3.777777778,4,5,4,5,5,"4",4,4,4,4.333333333
"E262",262,"E262","F",0,"Urbana",5,"JC","Controle",1,1,2,1,3,4,4,5,3,2.666666667,3,4,3,4,2,"3",4,4,3,3.333333333
"E263",263,"E263","F",11,"Rural",5,"JC","Controle",3,3,4,2,5,5,4,4,5,3.888888889,4,5,4,3,4,"1",4,1,2,3.111111111
"E264",264,"E264","M",11,"Urbana",5,"JC","Controle",3,4,3,2,5,3,1,5,3,3.222222222,4,2,4,4,4,"2",4,4,4,3.555555556
"E265",265,"E265","M",11,"Urbana",5,"JC","Controle",5,5,2,5,5,5,5,3,3,4.222222222,3,4,4,3,5,"3",3,3,3,3.444444444
"E266",266,"E266","M",10,"Urbana",5,"JC","Controle",5,1,5,5,5,5,1,5,5,4.111111111,4,4,4,4,4,"4",5,4,4,4.111111111
"E267",267,"E267","M",12,"Urbana",5,"JC","Controle",4,4,4,5,5,4,1,4,4,3.888888889,4,5,3,3,3,"3",3,3,4,3.444444444
"E269",269,"E269","F",11,"Urbana",5,"JC","Controle",4,4,5,5,5,4,1,2,5,3.888888889,4,5,4,4,5,"5",3,4,4,4.222222222
"E270",270,"E270","M",11,"Urbana",5,"JC","Controle",2,2,5,3,5,3,3,4,2,3.222222222,4,4,4,4,4,"4",3,3,3,3.666666667
"E271",271,"E271","F",10,"Rural",5,"JC","Controle",3,1,2,3,5,2,1,4,1,2.444444444,2,1,5,3,5,"2",5,4,5,3.555555556
"E272",272,"E272","M",11,"Urbana",5,"JC","Controle",1,2,3,1,1,2,3,2,3,2,2,3,1,3,3,"2",3,1,1,2.111111111
"E273",273,"E273","M",NA,"",5,"JC","Controle",3,2,3,2,5,4,1,3,2,2.777777778,1,2,3,4,5,"4",3,4,3,3.222222222
"E274",274,"E274","M",NA,"",5,"JC","Controle",5,4,2,3,2,3,1,5,4,3.222222222,3,3,2,NA,3,"3",3,NA,2,2.714285714
"E275",275,"E275","F",10,"",5,"JC","Controle",2,3,2,3,4,5,1,3,2,2.777777778,5,5,4,2,4,"4",4,5,4,4.111111111
"E277",277,"E277","M",11,"",5,"MF","Controle",3,4,5,4,4,4,5,5,5,4.333333333,4,3,4,3,2,"2",5,4,2,3.222222222
"E278",278,"E278","F",12,"",5,"MF","Controle",5,3,5,3,NA,5,5,5,5,4.5,4,4,4,4,4,"4",2,4,4,3.777777778
"E279",279,"E279","M",11,"",5,"MF","Controle",5,3,5,5,5,5,2,2,3,3.888888889,4,4,3,4,NA,"2",4,4,4,3.625
"E280",280,"E280","F",11,"",5,"MF","Controle",3,1,3,5,5,5,1,2,1,2.888888889,3,4,4,4,5,"4",5,3,2,3.777777778
"E282",282,"E282","F",11,"",5,"MF","Controle",2,3,4,4,5,4,3,4,3,3.555555556,4,3,3,4,NA,"4",5,4,3,3.75
"E284",284,"E284","M",11,"",5,"MF","Controle",5,5,5,5,5,5,3,3,5,4.555555556,4,3,5,4,5,"4",4,5,4,4.222222222
"E285",285,"E285","M",11,"",5,"MF","Controle",5,3,5,2,4,2,4,5,1,3.444444444,3,2,5,1,3,"4",2,3,4,3
"E286",286,"E286","M",11,"",5,"MF","Controle",2,3,4,3,2,NA,2,4,3,2.875,4,2,3,5,1,"4",3,2,3,3
"E287",287,"E287","M",12,"",5,"MF","Controle",3,3,5,3,4,3,5,3,NA,3.625,2,4,3,4,2,"5",2,4,1,3
"E290",290,"E290","M",11,"",5,"MF","Controle",3,5,5,1,3,2,3,4,3,3.222222222,2,1,4,3,NA,"2",4,2,4,2.75
"E291",291,"E291","F",NA,"",5,"MF","Controle",3,3,5,5,5,5,2,1,3,3.555555556,4,4,2,4,4,"4",4,4,4,3.777777778
"E293",293,"E293","M",11,"",5,"EA","Controle",1,3,2,3,5,3,2,4,5,3.111111111,1,2,2,4,3,"3",2,3,3,2.555555556
"E294",294,"E294","F",10,"",5,"EA","Controle",1,4,2,3,3,4,5,3,4,3.222222222,5,4,5,2,4,"4",5,4,4,4.111111111
"E295",295,"E295","M",11,"",5,"EA","Controle",4,3,5,4,3,5,3,4,5,4,4,3,4,3,2,"4",2,5,4,3.444444444
"E296",296,"E296","F",10,"",5,"EA","Controle",3,3,3,3,3,3,2,1,3,2.666666667,2,3,2,3,4,"3",5,2,2,2.888888889
"E297",297,"E297","M",12,"",5,"EA","Controle",2,3,2,3,4,2,1,3,5,2.777777778,2,3,2,4,2,"3",2,4,5,3
"E298",298,"E298","F",11,"",5,"EA","Controle",5,4,2,5,2,5,NA,5,3,3.875,4,5,3,4,4,"3",4,4,1,3.555555556
"E299",299,"E299","F",11,"",5,"EA","Controle",4,4,4,3,5,4,5,4,3,4,3,2,2,4,4,"3",3,3,4,3.111111111
"E300",300,"E300","M",12,"",5,"EA","Controle",3,4,5,4,3,4,4,3,4,3.777777778,4,4,5,3,5,"5",4,4,4,4.222222222
"E301",301,"E301","F",11,"",5,"EA","Controle",4,4,3,5,4,3,2,2,4,3.444444444,5,2,1,4,4,"5",4,5,3,3.666666667
"E303",303,"E303","F",12,"",5,"EA","Controle",5,3,5,5,3,5,3,5,2,4,4,3,5,4,5,"4",4,5,5,4.333333333
"E304",304,"E304","M",11,"",5,"EA","Controle",1,2,3,2,4,2,4,2,3,2.555555556,3,1,2,3,3,"4",2,3,4,2.777777778
"E305",305,"E305","M",12,"",5,"EA","Controle",5,5,4,3,3,3,4,4,3,3.777777778,5,2,4,4,4,"2",2,4,2,3.222222222
"E306",306,"E306","F",10,"",5,"EA","Controle",3,1,5,3,1,3,5,3,1,2.777777778,3,4,2,4,2,"4",1,3,4,3
"E307",307,"E307","M",11,"",5,"EA","Controle",5,5,4,3,3,3,4,4,3,3.777777778,5,5,4,3,4,"2",4,5,4,4
"E309",309,"E309","M",11,"",6,"VL","Controle",5,3,4,2,4,3,2,3,4,3.333333333,4,2,4,4,4,"4",2,4,2,3.333333333
"E311",311,"E311","M",11,"",6,"VL","Controle",2,3,5,3,3,3,3,3,4,3.222222222,4,4,4,1,4,"4",4,4,4,3.666666667
"E313",313,"E313","F",10,"",6,"VL","Controle",3,3,3,4,1,3,3,4,1,2.777777778,3,4,2,2,4,"4",2,4,4,3.222222222
"E314",314,"E314","F",10,"",6,"VL","Controle",3,3,5,3,5,5,5,3,5,4.111111111,3,3,2,2,3,"2",3,3,2,2.555555556
"E315",315,"E315","M",11,"",6,"VL","Controle",2,3,5,4,4,3,3,3,4,3.444444444,4,4,3,3,4,"3",4,5,3,3.666666667
"E316",316,"E316","F",10,"",6,"VL","Controle",3,2,5,3,4,3,3,3,5,3.444444444,3,3,4,4,3,"4",4,5,4,3.777777778
"E318",318,"E318","M",11,"",6,"VL","Controle",3,5,5,5,4,4,1,2,4,3.666666667,3,2,3,4,3,"4",4,4,4,3.444444444
"E319",319,"E319","M",11,"",6,"VL","Controle",3,4,5,4,5,5,3,1,3,3.666666667,2,2,3,4,4,"3",4,5,3,3.333333333
"E320",320,"E320","F",10,"",6,"VL","Controle",2,3,5,5,5,3,3,3,2,3.444444444,4,2,3,4,4,"3",4,5,4,3.666666667
"E322",322,"E322","F",11,"",6,"VL","Controle",3,5,5,3,5,3,3,3,5,3.888888889,3,4,4,4,3,"3",4,4,4,3.666666667
"E323",323,"E323","F",11,"",6,"VL","Controle",1,5,5,3,5,3,3,2,5,3.555555556,4,2,4,4,4,"3",4,5,4,3.777777778
